VemOrder;NumCell0Ds;NumCell1Ds;NumCell2Ds;NumDofs;CreateMesh;ComputeGeometricProperties;AssembleSystem;Factorize;Solve
1;99;222;124;94;9.2699999999999998e-04;6.8099999999999996e-04;1.7430000000000000e-03;1.2500000000000000e-04;7.9999999999999996e-06
