VemOrder;NumCell0Ds;NumCell1Ds;NumCell2Ds;NumDofs;CreateMesh;ComputeGeometricProperties;AssembleSystem;Factorize;Solve
1;200;424;225;194;1.7560000000000000e-03;1.7020000000000000e-03;4.7860000000000003e-03;5.4799999999999998e-04;2.4000000000000001e-05
