VemOrder;NumCell0Ds;NumCell1Ds;NumCell2Ds;NumDofs;CreateMesh;ComputeGeometricProperties;AssembleSystem;Factorize;Solve
1;89;202;114;84;8.9400000000000005e-04;4.4400000000000000e-04;1.6190000000000000e-03;9.0000000000000006e-05;9.0000000000000002e-06
