VemOrder;NumCell0Ds;NumCell1Ds;NumCell2Ds;NumDofs;CreateMesh;ComputeGeometricProperties;AssembleSystem;Factorize;Solve
1;177;378;202;171;1.0650000000000000e-03;1.3849999999999999e-03;3.6280000000000001e-03;2.3300000000000000e-04;1.1400000000000001e-04
